{"cameraMode":{"drawMode":0,"name":"Shaded","section":"Shading Mode"},"sceneLighting":true,"audioPlay":false,"sceneViewState":{"showFog":true,"showMaterialUpdate":false,"showSkybox":true,"showFlares":true,"showImageEffects":true,"showParticleSystems":true},"in2DMode":false,"pivot":{"x":128.19630432128907,"y":2.103914737701416,"z":-26.546192169189454},"rotation":{"x":-0.057752255350351337,"y":-0.1854964792728424,"z":0.010924319736659527,"w":-0.9808942675590515},"size":32.355621337890628,"orthographic":false}